Set; 647.62
kurta; 406.0
kurta; 329.0
WesternDress; 753.33
Top; 574.0
Set; 824.0
Set; 653.0
kurta; 399.0
Set; 
kurta; 363.0
kurta; 685.0
kurta; 364.0
kurta; 399.0
Set; 657.0
Set; 771.0
kurta; 544.0
kurta; 329.0
kurta; 399.0
kurta; 458.0
Set; 886.0
kurta; 517.0
Set; 666.0
kurta; 376.0
Set; 570.48
kurta; 499.0
Set; 582.0
kurta; 299.0
kurta; 459.0
kurta; 399.0
kurta; 
WesternDress; 791.0
kurta; 499.0
Set; 1233.0
kurta; 517.0
kurta; 376.0
kurta; 499.0
Set; 666.0
kurta; 487.0
kurta; 368.0
kurta; 399.0
EthnicDress; 699.0
WesternDress; 885.0
kurta; 424.0
Set; 1126.0
Set; 788.0
Set; 759.0
Set; 1146.0
Top; 665.0
kurta; 429.0
kurta; 399.0
Set; 848.0
Set; 654.0
Set; 1033.0
kurta; 390.0
Top; 493.0
WesternDress; 721.0
Set; 597.0
kurta; 399.0
Set; 888.0
kurta; 353.0
Set; 599.0
kurta; 518.0
kurta; 295.0
Set; 852.0
Set; 824.0
kurta; 
Set; 909.0
Top; 432.0
Set; 545.0
Set; 1146.0
kurta; 696.0
kurta; 432.0
Set; 631.0
kurta; 316.0
kurta; 362.0
kurta; 329.0
kurta; 399.0
Set; 751.0
WesternDress; 791.0
Set; 684.0
Set; 1281.0
Set; 1186.0
kurta; 499.0
Set; 1105.36
kurta; 
Bottom; 377.0
WesternDress; 744.0
WesternDress; 744.0
WesternDress; 859.0
kurta; 487.0
WesternDress; 825.0
Set; 680.0
kurta; 725.0
Set; 696.0
kurta; 499.0
kurta; 
Set; 696.0
kurta; 406.0
Set; 852.0
kurta; 399.0